age,salary,purchases
37.769926514834424,8657.49778138379,21.29564545526549
36.370299507624374,10679.054264243452,33.12869935621789
44.87190289618789,6193.097320144234,36.87549020918577
34.924038587674254,11865.31113267917,20.68423207869374
46.774680793644755,5612.816412309773,34.45857304743248
31.669989898168424,9277.84742092674,32.62556802503386
34.646259888074425,12350.39916006799,57.574433337665425
28.410233260004283,8093.878670270919,10.880691069248982
60.82939697183733,5782.673960275319,60.95266765772231
54.021529257479415,12690.919591970429,42.2809406241819
43.59113477882687,11045.229949680153,59.19815368949159
43.244011574236396,5145.421288962878,58.920365043401716
24.755374348596973,7847.9452168156295,40.23519433812604
43.90366939861155,8297.281187935412,17.675268098635748
38.297006134213824,3024.5989328753985,17.38525055026506
34.37940817841397,1844.677695262595,60.78570977651386
30.5429018681091,8738.78870499403,19.39676170594741
34.85946405710756,5623.8279832316975,57.1556493320204
59.49179243237721,2696.003889317454,22.697410721816436
27.740507797556972,5994.786499342513,29.088833421590785
27.50272779280792,11933.349076520386,52.48777629456135
44.61382992219177,4529.8046650866845,36.99445303155526
28.067703074941893,8473.590240416477,30.48109547032804
18.352311478337917,8677.319313139105,28.829728315855878
43.08459803500875,9001.874939352543,62.425825708003416
58.3330071063486,6723.184696946521,42.64725784195787
42.38246769452297,6480.4475524080935,44.00916219910783
45.05595187403485,8345.461203405444,64.38556774568745
26.590378049995866,7412.855669830725,44.134682939224874
36.406164710243374,8937.332414143462,59.157295962426105
65.27585467413397,4175.952066905908,38.983805582090895
12.603195901504748,9188.204694633998,36.83044998892481
36.765147225181764,4972.515936373852,22.314759605197036
39.864885644187574,6932.485171524488,42.9361599396849
53.33798164810774,6754.788742025719,23.133015157348872
31.97838838290704,8920.13551932243,59.05668110681007
49.20080586387308,7487.8425977522475,38.23339603679188
65.650270894924,6954.144535740508,29.53744310467005
12.490475419638798,9200.493453768693,22.358069014264185
45.37168391121291,9762.736306061614,31.229071559897605
63.24400029975654,6971.002694381668,47.24357110177532
25.615215940549213,9226.818022181975,32.05334837237801
18.584378486443626,10861.607769915765,55.805341279874625
63.57368952005982,11175.015543453625,50.25009651832586
44.34737567122011,5256.606734617579,19.056883230983996
24.10698753841119,6106.654771113269,63.525737701494265
87.86438232956866,6052.661197206709,46.955666938273644
43.48571199452091,5074.390089283958,33.06860007383984
16.23520338062484,7598.5784587486305,37.50582524402625
40.568609858890824,7881.907575182968,38.14919167625359
21.899378134420353,12143.203725981093,23.78287172641442
47.3997528142383,8503.426325218079,32.2357312404337
42.94123617156835,7486.6366671613105,15.191893605910597
19.272227154194162,5452.148270415139,59.68684797671789
44.313651751714644,7257.159292946336,45.67616403082085
29.4402009589445,7894.163457971774,50.153315347544385
52.50640101017381,9653.258256975549,29.905782739026904
32.41849754533489,4118.5502091887065,39.05284343650322
60.966879993430744,10882.057439035421,53.29562620687147
61.66931897781529,10392.488947353448,56.66892839380083
43.88074802323998,11709.667493284644,61.220976637597495
57.33095945435511,7278.661256492703,32.99154448208955
57.39244470222284,9364.897939113725,38.01079177904755
27.98493488598804,8932.483171969046,59.23600526574373
47.6198904814597,8101.956011375883,32.038048714065894
19.026364453798255,4300.984516099552,55.65996951692338
23.989197534106793,10214.052236330763,35.484665230031126
45.336007011526505,5976.20507187051,28.69129164304221
41.926499507686664,5572.162579183772,31.38525110455626
58.54279673353811,9290.372048605675,61.507337060647096
34.31050312402485,4205.689784018232,50.818805765537505
38.80093212105263,10723.481409782791,24.046495540374117
30.002501902320333,8407.644212332358,20.857311606685194
54.36831609751761,6018.2453362833585,14.49126139984389
43.504815002470764,7148.478507898453,31.85659092591561
52.39884663289613,9001.054852655157,38.90811869580912
43.71870253267676,4275.177835746334,59.642152671912086
36.52258244787723,6754.294920662207,30.327240980698207
65.0999900948261,10651.649681315283,17.107836876258816
56.66526702860066,4186.45747829999,30.621298441256634
33.82522751853665,8628.028084701886,51.64991091388671
26.06676874869891,6765.806509969327,30.24293938788679
64.31741509737375,12159.709525327915,37.532350187930284
49.163450730729835,5099.2056252417215,19.209968697736453
53.520023729725736,6837.440216774968,61.222001023541004
29.51862699008781,7372.670258253067,37.863192015547554
54.50849158818076,6757.353226509451,41.720336812783955
54.03055084863347,8687.498127894187,28.82764533553204
47.528067619454674,9075.535737902992,21.685589162691166
62.753198608765906,6803.534499723225,40.71190394140142
31.34218224237564,9041.955189994429,40.412718709819295
62.09165956257084,9471.462340838616,43.194435652841335
66.5668159440616,7599.946377102882,27.94570849558703
51.798498455746504,7769.262018393654,46.47241924057923
29.69684592451937,6741.90377381966,66.29057502046257
70.20257370835188,7072.940056704105,46.951241058616944
28.50128804329837,10128.965088593677,32.98729211288953
61.544039599796,13094.477252571613,62.34669590206657
49.6240879380836,6813.662069742597,27.9193474274504
56.63923630138846,5736.390607477185,9.31600605610143
35.11721663186376,6866.031245522251,28.876571826279932
30.527393712846436,6350.267693865856,40.63155592476205
24.547885340813483,9778.882237496113,48.856426169420644
56.43268697959593,8280.972259626758,40.15517214126889
33.76312002479117,11891.015576206511,58.740580870875874
25.375941893535828,3012.3361991995926,51.9461111143761
30.257888356581883,8316.684080289351,25.142277567723927
38.217789714688166,9532.657718945662,65.78960991517856
55.34902941809288,8488.53631347828,61.56405941636985
50.857370013564164,6354.135550306433,22.279294578453168
49.435009797273956,8274.66349416498,30.07160363940215
24.622829286482784,3540.1266411270244,37.440592231328644
35.03959790875323,8988.211460736773,43.67199204803302
66.03023691951786,8854.226329464753,36.733252819777135
50.102667723570896,8346.11217529356,36.662237860600975
43.97316459893124,6058.081124797096,29.619745140810007
28.126294209655242,7594.932005450517,64.32785508711162
57.29875604162055,10977.233008700687,44.1621751940023
27.57316374829407,8270.446220773285,31.91521924490559
36.37610599583961,9768.72058914045,39.096351656312564
59.95628341974487,4095.4546607957473,25.448924686713482
40.0098378210827,7975.920289082089,55.83730902028332
45.71696575273438,9627.114402847275,20.693291333698603
30.595141437935013,7924.573316353965,23.658967152110797
6.5784521687937065,7957.051751220251,49.38468818871005
58.21323514715096,7579.452129924543,58.278882173317676
48.38779649121827,12379.809977396839,47.586969728628695
34.86489149291357,8819.358212915653,22.416534084893406
51.06328621230242,8391.544791001399,50.885152709791406
23.823592090484777,5096.8848954933355,59.90924151629307
50.05134799460526,9465.295403087555,34.64685630767568
45.47931952816643,8473.573500137718,31.755427019899738
28.48058816524573,11353.658286194523,58.483268544446865
36.07976141601507,4382.225686551955,43.54500089700056
30.23468497398291,5423.524696351869,46.66199000468072
75.72545937912355,10612.99522459906,51.50799741327869
44.37289544826234,4734.339292679502,31.819087417262914
14.912982659099729,11026.994134008037,36.29461018791741
27.952499010926605,8827.243952717605,62.40301875349088
46.99163012390045,6252.984125906134,42.53652010012268
26.9364139008862,5300.679307376387,20.36585539827585
48.601247354170134,9458.231177341766,45.473484587776944
26.186022332013128,11110.63113353759,37.76112262472775
28.695383503812756,5961.363457054858,18.81055802093608
42.28914719717851,7012.534689952569,35.411342200391935
41.330301258071906,5391.859266784494,23.18205343717305
28.86259381790397,7328.747421335932,23.22105794848408
48.00818727011843,12667.491529385463,31.603863588804852
49.63771392326954,12204.890747606347,32.672942509138636
36.58616344658805,8163.302977584917,30.737230148777837
33.86930581410867,7436.247413819953,21.59345568793086
38.22425403805126,5928.965105507865,49.34267497041144
38.985067353309226,6280.333239613562,16.918394080144928
49.505219457681704,5459.684645572324,29.864780937022548
10.85287180748466,5002.300447004328,31.42652822607618
12.743670292772272,9864.451973076513,52.61765962155317
31.304337012972773,7100.460662728226,40.55911040267384
31.446116331863898,7497.5911768992755,26.393103668765985
25.145302030604206,8996.982197056048,62.827043279526755
34.73326348185321,5782.100368401145,67.30491568128714
46.17007880349393,10283.808677833385,53.30067557457604
48.18081325481096,5897.628610487725,61.76689996169561
45.77380334684682,8344.694902313458,22.704152569306206
38.93606840061106,8716.857818053395,44.94015910490903
66.95091436152784,8627.712077508804,25.266746619942705
65.30953917139846,7386.152741946431,49.466717564356486
37.011123610215314,9581.724596657445,59.57610683516359
37.69213487156851,10630.186962140468,38.01859645760807
23.890366143044137,9353.244323611918,56.39390841692619
32.79706154672136,6790.632726428905,63.67821964411159
31.23482635193424,9113.727777507565,36.09832269940307
40.90198917343983,6668.782872929418,26.08006336018293
44.60756610717494,5610.058706780069,64.73859600059939
18.64285568138366,7927.058305604067,27.43578405145113
26.321287349329257,6892.875995970933,24.04065639203028
57.71187188604216,8780.078383771242,24.551103776075088
35.4628024101966,10039.21673092824,36.948038536048614
38.38608527469138,7253.403899144717,21.425629725070866
37.81027263703261,8231.946526104244,32.264963084148796
47.79039652815998,9614.952463027172,23.310504558032427
35.30087278706745,4492.149537095684,15.651491179823983
49.798542501741515,6815.671465155458,17.32877582728009
29.1421085194916,10101.649582451031,49.212688985172996
71.96838926861248,10819.582262361027,50.95766885423666
34.690306564621096,7259.05676210439,28.94288242338401
34.202246028131924,6337.103980080472,47.30910061686563
44.31061194265496,13492.459950574155,46.4513344362032
16.4996167438053,7199.014959087599,58.874043821685035
52.495690196960936,8643.34863758265,40.74517355033144
27.37735472836141,6643.297345009651,59.039590194730685
60.15731022578349,6999.735006472107,64.03270826749493
36.21848879591846,10732.96800613617,41.67916774455408
41.74427479748871,7381.707748667831,30.045707516183864
43.61649759520789,6395.124261183673,40.28658691312227
70.41660971366727,7592.207368033419,22.933393040661002
58.375948350469145,8464.00797760197,60.562709359599566
12.593693953286216,8286.93931902282,31.371269511733058
48.71367322127348,6000.068285211339,50.90061515591137
72.02325274237421,9722.65429410532,42.17505983860826
62.81941476868096,6264.877729092591,52.7467455945579
48.79031999705452,7403.2323206884885,34.28810048913032
21.291653698973587,5990.757308487306,49.78827401627875
50.85308691934283,5995.914942179857,52.15063000431307
55.89329297115255,5149.839162745767,49.70015252999807
46.65729458118462,8057.4452583428465,21.89403851794467
58.97143088058581,6697.811619468274,40.1675771665201
28.476475135357184,9173.632615379276,18.825081973957484
68.18502614595656,7827.999379100134,56.80177474052188
16.399209092900286,7492.652398620523,22.132394379197173
40.24813505783051,7859.905897895713,23.315669649612992
38.229521707177,9660.8776193518,33.11691137407518
35.3917063373798,6191.4315758854555,30.582850944621534
33.70750863192524,7678.6722930498045,42.54086209793306
53.51699186808638,11364.679351276578,16.60735306756651
60.5673220614432,5839.360561466173,44.563155722008446
59.33470162142134,7856.457609138354,27.62035575498011
25.874096198894016,9023.19401278309,17.220724535025845
68.65159793813469,9328.102787112815,30.617468680400677
54.159051021210715,7651.088306782509,45.206834671889084
22.16702967848726,9170.084876979838,48.44311905534882
25.433387735656176,6676.51980397198,31.54109006627087
28.200149952740617,6601.316394857774,51.211243497994374
74.53827068632967,6110.407309008675,24.923517826379623
34.57747939225153,9325.526850992677,48.81587828141584
42.53558261753044,8075.447425169402,30.40954205467108
28.295431932794937,10767.987103034848,19.59161503107131
69.90626588848309,9149.593526426994,46.473478473959226
23.99127534327857,9479.335987274002,53.260048921565385
23.56799390570235,8352.073208527348,20.003449735433552
52.072630168674785,7887.846610088212,20.641661150287835
43.24339171170914,10489.765917621844,20.606318098673
32.04232160405694,7934.443427342654,51.82123283596018
51.766155857544675,6575.782755860239,29.072792043523485
46.52897474297136,7234.381064454609,35.8498833461126
31.745584735719294,8349.97969858158,41.19131357525174
18.721657764528214,7287.890568877688,30.010021542864386
23.57095388188877,9944.261781429032,30.6577367811154
75.94785753675907,10003.167838730275,40.484241572715916
16.8020082446738,6775.959074465203,39.04056351216484
62.16916190488041,7485.422639735201,40.80947553951202
66.30789288904553,6967.486521420867,57.596707411191495
28.58644728923735,4470.80703758243,41.06122137329136
37.95957559181796,6180.286670898973,33.484755521083656
6.228814483216528,9198.220218913702,30.161528626323832
61.3493085815277,12562.289698865174,30.55771919661104
32.76738349645202,7567.37172151406,45.45799840296212
57.21117533966959,6274.197562015146,38.69414623162267
16.73882829823286,8830.182603249224,21.021609712676465
56.82347952993973,9163.78624357259,50.722982426769
30.678117357770194,6944.611937259766,54.56676015880337
46.19435058732648,6834.273141499332,34.530660340934276
26.10681542532109,6666.738051356538,36.8749276158946
48.90609523457837,8522.093748780146,17.79497699957385
53.043357553818296,10015.765757958583,38.30360468605194
40.77853199897758,10474.622201111672,37.737963867447746
66.33360737747057,8040.127213374171,53.34216189242082
34.49992594548868,12891.01317497563,40.76805741905072
50.004241286742044,5083.221885417876,36.78200529124884
29.470960682500532,8296.3791965456,20.346471370262456
36.677672306103915,8629.25863245946,27.105873830586187
51.01946018206985,9903.999265396082,38.58482510107182
36.92153037764454,6102.2486444657425,62.18897470972712
35.00715710999121,10328.179115446677,40.77716749974649
54.04236929668057,7722.846377058093,31.355645968700454
26.265276234301634,9715.198684305955,55.57058694511031
19.414689059703882,4644.405405409896,63.4767867395404
18.853316357635507,7237.804621563346,43.285668388089626
50.53877905133367,4294.804947792583,63.3646633271331
53.01948310668375,9049.676042189867,36.152437768078755
41.27487190323372,4967.215099649479,40.572806382773216
30.758359584090822,8920.293483629675,55.62887679978224
73.31061082237848,10311.801994642756,57.138236080301205
49.21421289303621,9329.139200761429,21.522362004502973
12.85007710295604,9379.375845979574,30.481662823092734
22.107669284955016,9119.005921049615,57.754171046338215
58.834463975441224,11536.959526489976,38.601316812847564
64.58663877338368,8114.5728349652745,33.457990527405656
27.808023703834145,8692.022566862111,52.97091318664852
34.167062772353894,10639.480660709421,56.9114722228172
18.901842313058754,7642.690817737165,40.45092123203166
43.47655969681445,9204.212439332377,38.468847115136995
44.227058915143765,9495.38078363624,17.728400279396148
70.80330251706066,9421.354065375139,17.590495601998676
38.372157373278064,7657.152807858459,28.3194381922843
63.609474632121476,9345.10537666289,56.45383877181267
28.510837959766818,8863.351328800345,31.089762282092696
27.007630733608707,9008.593198010523,52.37037352936009
50.20457772185098,7821.281316495907,63.222083174851846
40.19833020905225,7961.450117849037,27.363834820153176
39.49955292258911,5635.323369992765,24.22047216241404
40.75834944028578,9362.187502034189,23.42023536251122
81.26950841904345,8116.483037422514,51.169675237310884
61.696691993235355,11137.544041347557,30.12957991984273
35.08876272961938,8848.115616099407,38.51844789969212
16.396051853847794,8977.909013639106,17.397064765625903
57.60283527011349,8757.508860545895,60.11133454849313
39.53136625477869,7585.633972041718,21.78243586343954
30.677239602807976,6217.540990200389,30.007224725221857
62.09476462293311,7123.339838405552,62.902533204451345
58.12790238821139,6235.744698442378,43.788591660912275
34.839733573350884,4716.085143533571,19.24481516943481
39.683987557634026,10409.30200969586,17.615862365176774
36.2309728654472,11891.443499945724,61.56751394506
50.677900496198035,6961.383333073414,22.074123100377268
24.823108706568537,8664.768298256306,37.685171143450255
54.8397593115181,9497.962230814306,38.350220509493255
60.2061063927819,9480.557766790078,39.831167135200154
49.884737529011915,9163.390846687631,24.738658001659367
61.06578982786678,9621.087270282544,51.93887625696297
60.14818327722403,9684.350631883395,62.104299749864914
47.12420548394452,5524.807332450364,29.432736573642334
49.452111662046676,10488.89770881927,47.62676907764914
37.26586305666467,10500.046875542303,54.063656287233414
66.24340614304188,7207.417063831027,60.119063034108926
66.35973786063083,12822.43726617982,28.61080048938966
19.769300022506705,7398.860316860409,46.14862091238597
29.3284627562135,7154.0375981155585,58.52497086345865
69.79345212934548,8849.96128641786,50.86822675554628
28.601528951503063,8326.211785284306,44.81896803863877
12.944550270163543,8703.160388851913,63.57519657465731
36.505190005553104,4222.132556704235,41.62518476224912
59.59656491453441,12106.664290260636,60.65300483564947
36.96332807383354,8249.973590074185,55.30369750549795
47.10715842139236,6643.742354806568,52.95031939384537
12.629304327616804,5987.5907086253765,21.76830719636025
34.90715359302759,7074.323835995678,29.31877267814199
32.87206720673289,13892.655439580929,17.243158046148427
25.390179128894523,9550.499159747236,28.60572435322782
45.32626551911155,7843.090639994465,59.12671350499049
59.33441092056819,6045.550264720528,55.250678682146365
30.65662010009384,8005.159811248401,36.11965015329086
33.3306593106164,7859.746793549428,58.33498985544564
38.580818492375,6175.5092706928,31.348414766537395
56.249946666022396,8624.157629522699,60.92457220654619
33.46131081680713,10258.84659829642,27.10882522738376
43.13205341626336,7184.180600014215,17.332912643817444
45.56739959032931,7427.064097165144,36.44641293949805
53.271631451464565,2538.58994477767,27.161012243592918
53.16170896535042,9958.528595309956,37.03885253092335
57.714342122728695,9953.9573722689,22.23360118184275
23.625716443279686,7979.65520939272,52.5367618829795
37.32922132768058,8623.162832542026,46.79038785066581
42.82612289603028,10871.557557576374,25.080579002464766
29.620211945931537,9017.405928309261,41.674179283648684
38.905669898982204,9763.458582847868,55.40153856901018
47.29181229409388,13481.767004745816,49.20851706773199
40.84587938140701,7674.089632259135,51.85543260360897
44.36643700078427,9680.355950541973,40.56981245117866
63.83548210394481,12036.63177213245,35.6265633830353
32.36685240719656,8925.548007516323,62.751994187056326
65.46053084209295,6758.703570940292,16.91929731882258
44.24895756793346,8395.395602279148,46.92568395885504
57.09350885847297,9492.282980192975,39.121346179570395
38.867326813137865,7497.3355371836515,38.368221141267895
43.795875549373676,7786.471948864186,15.575193712813931
38.85479919121417,6333.568335019741,54.96818001883856
38.02709443114035,7302.032758465849,28.024486894964944
49.09380234304297,6440.524386957919,35.06960610565881
35.429447424724835,9067.42544456707,24.9650307513026
31.05921394492223,6820.80699536166,58.33490463132238
54.25493225515029,8674.333223680238,29.018646011994544
36.122642026721415,9057.356529353754,19.055875730048694
43.06306461812486,8191.834636223057,62.40879901285069
24.733322230694803,6642.242050500644,49.16764685936176
66.73581716213981,7298.492694945461,40.32962086444702
48.627185446700565,7343.775113950576,29.089073041357125
25.581709213506933,3494.6564981872775,31.055585018578846
15.021513524761636,8222.455338565847,45.36220017165255
55.68336849624384,12728.713579584506,57.11125953645929
29.13776751236263,1486.8802834609705,29.451657608375953
48.1665410575127,6660.939147077514,17.274275876264777
50.260566871418334,7931.722589089055,31.012488785210735
21.836291127916542,10160.559970322125,45.89878892171433
46.57454184177786,8857.866120227163,28.904322703147077
51.448653102434825,6130.3109827094095,67.94591012331183
61.49780003408645,6132.537177666915,21.50253571675184
38.45020335339111,5507.524042290219,64.853862023883
50.68492221952492,7103.15364425783,60.692124336616665
29.132189572526432,10619.118180464191,22.932893903450356
63.89097992077875,8033.0317852885,30.183734692587848
68.89315047368265,13455.402596828044,49.34201749727581
39.20492668039236,10084.281990319228,38.54277719307174
63.185954438513456,7323.478719479865,25.344094711582795
47.044498520990075,4170.696232337308,40.030393156651485
28.750385239706553,9034.300223253045,22.665464342884675
50.02809416019592,10799.937435569158,62.871795509114655
26.37987522121007,4722.31956000846,22.628359789838697
34.075378939130125,8965.323015096217,22.670846196395463
70.38940469284282,8301.567395221984,31.907958101467766
53.20308832792711,8992.377771639278,60.32815923568569
41.17837183740005,7919.611971629229,15.880894324624652
72.31147260591302,4840.502861410977,31.223700055148853
60.85056101649869,5746.719127085546,29.98873742471212
37.75645341453212,10162.21664372738,62.81442710836639
63.38777779428425,4200.693155009271,53.50119965606391
82.43912086962911,6804.899398258296,15.010910662253266
29.720014227731586,9635.150023670525,23.129579639702413
28.367542355006684,7713.928542344555,48.82021707921293
55.272989397958455,10965.537568873917,17.95410538038642
70.35278069304647,12050.975073439025,31.27324613652929
20.10443028684534,7139.196396512028,47.98186424759804
34.82303366366549,9017.323768920556,48.677273014790394
51.14987526946928,9264.653398795163,20.70037251818651
26.632498101916987,7269.284342180874,52.43779723697317
39.21923991321763,9830.765563880857,57.62980846887068
51.062985209586216,5825.828327663114,28.24627821964667
56.37322549341808,6777.675373283475,56.33270448549271
37.776412010866636,10199.763018323516,51.805881961198125
60.40158530632732,10334.35388803344,35.182944343470574
46.94832715325446,11405.563120464147,60.653224825703326
51.84605962421448,7004.707485107217,52.98645965802432
31.007650662039687,9756.776258474858,41.42241574814527
26.49661332428618,9244.388251046053,22.865788527411983
60.707952080060714,5621.07074518714,31.385804883941443
23.366515386063934,6132.904581295714,49.68253861431198
27.792609221798962,11383.583768700235,43.26029031850286
40.021252362601075,10007.702464723297,64.09883336718717
33.89854754592067,9781.261228121322,28.356853103937663
37.34907338848512,7714.974173000317,55.01092426630102
17.574802690221496,8449.045413613387,32.6825041367788
34.46033405379927,7828.570438311248,31.86064103695356
23.667325928973508,10567.438857831616,49.77837359047854
41.45608243541272,5738.210848618102,15.421022076154053
21.243253255852025,9033.20860577627,32.759776806511475
34.60718350928484,7032.71502726793,18.100147295567808
38.38972674192959,12008.530766548147,36.88167873713118
43.68196220386376,5668.123275457592,26.150949466835026
31.173468189990995,7122.013175756117,22.23027820439144
22.710258754715674,9733.933554519597,39.73988576077563
44.060380494576826,12067.299982080445,15.175633948565554
43.69982652369542,10632.993672983213,29.794395023649106
76.58453486460874,8763.067272206956,62.94243397202121
41.39959833393851,8897.8765333601,28.234569824746718
73.68955483679424,5109.854574777899,36.001576106443395
61.57475773544348,8448.847327842992,59.122910345888016
65.16850855224132,7234.921398294601,41.70312572359806
47.90792951113905,7076.87797481422,40.19982445287018
36.75692471927787,9251.553299295205,28.581834548080593
21.646009300103902,8188.99476871301,42.76205449627663
28.622235292480102,7712.5443514826675,48.2495940443685
31.960272244705664,7793.548638632165,22.671961283811836
47.24409101060974,13131.65045583592,27.65214184957673
63.92574355609568,10170.697887234128,39.396948373033105
17.637082992899963,10940.147836637847,33.34144657523748
39.831614667266614,6053.322563720261,35.05102991002563
49.90642838314034,4977.18726705492,45.11581104499358
56.8075484353031,6012.155524380918,40.07036536875993
68.99765878898043,8706.360026236083,49.79935874521459
63.86453479320923,5474.391961423651,20.390685309377556
41.14059536497036,4218.096846890352,63.66027132825743
49.06117112871082,8092.9328260732045,40.92545828493941
55.65988917585968,8993.041058898774,51.57009366893974
18.848107716740664,9469.112776711627,32.24818163441203
30.644425132692653,9120.119674056143,25.737202069193497
48.88159759616389,6651.651126712086,26.102280159310794
52.70443982433882,9135.012751490382,30.20005792359333
62.6714288161631,12102.863815956367,20.39357067458963
63.207642391610534,5510.404746931262,62.54707058968105
40.085221937194625,6904.617254072817,59.5045855820761
23.11518430885096,7425.769626125276,17.839168153943305
49.78717500933507,9040.112419263995,64.11807368403157
50.95536847520101,6696.23190118243,63.90929733123483
46.56013436340078,8776.823557787304,23.453705815935173
24.289858367820454,4209.554111530561,57.28506358422566
52.32765341263851,3547.4324420011185,23.53933102711639
8.917359557913496,6691.221380600009,40.41463417224058
34.128720501699064,6899.699216310707,43.12214961594613
25.171117226880067,5796.156360791537,43.58327435000815
51.891835571800996,10631.522168613365,61.56312832871915
57.373904944086064,8393.609535777983,38.340276514670805
46.2459796166403,6631.462125958673,42.64226472972603
58.555567183748444,5668.65263127407,58.29244207113063
52.976816367708636,5940.623706442419,54.59607338717427
41.60076908067343,6147.735087108752,44.158195849482325
40.67159962118819,10163.415858282639,46.95080450905585
45.3786760324821,5247.861960313293,29.641813868919833
53.67709099997212,11255.71452332043,17.117341641489475
40.61920084742697,8720.024168967735,53.850477905881476
28.103669151888667,7568.816691761827,38.95994638494737
50.72626869497628,7540.618044569904,39.66321538372687
50.830562393937875,8786.428358572097,48.21552244556275
57.275487432415105,3362.7812383827386,53.709418215316184
38.440812233812814,5702.643973328446,49.65099334074881
52.27340141795904,9182.611565187623,46.99509501331107
34.834701032192115,6962.271680463292,49.30602448595579
50.71982474431711,7858.809048280908,59.92876248828693
51.6037741887061,7044.063435703753,40.55461480504603
46.949883294485105,6879.721620690028,19.092300230614587
44.69157960081168,11401.253836173268,37.78350729701882
30.261554938413056,10214.054329965471,40.38678837591153
26.478021166204435,10321.266655783773,20.79507202927365
76.30531761039688,6150.744082957033,19.275686297362302
46.455544914593844,8123.970748311251,48.98624201321787
46.81296968053756,6590.288067173065,17.47692360472321
27.105055400540532,6119.979648580659,42.33895952819656
42.70355300264362,8406.61313223523,40.323712870271855
32.81686020349841,10140.123203935216,26.9135073101919
39.241199356078695,8311.89497971394,17.184014502839354
27.58639425707279,6494.985019170538,21.590479387616647
49.6515971526153,9947.655267763299,61.99398126965462
25.196472187589887,6362.753982510095,62.77268778128061
55.15244802574071,10690.60024167212,49.52282547833637
45.450675113512524,10749.651782577741,49.04537723154257
66.92649965567077,9272.057762302702,46.79928287599202
72.98990622988687,7929.74242948257,37.016934665301434
39.86731074235359,4740.573322069961,56.37101431962846
24.620412345397234,7073.597951565938,38.40408564244408
41.467759594779196,9289.554902133466,17.765028034103857
40.757754535465146,4509.344213348813,30.222068328392307
22.168461384537792,6580.217967048343,48.530637466007654
38.056343082557504,10418.45282581169,32.58756869230966
45.766044699777865,7189.624532201236,50.09528648862206
53.69908813520719,8823.858613617544,52.37960416081763
40.85521921265734,7541.650939465517,59.302829226458904
47.25809419540553,13936.905375165994,61.85843156765223
49.69504594671087,12128.703983279025,29.61037433229551
49.71202824430153,7077.114919119404,31.517616559786692
43.09579724194382,9004.498902894538,59.29603468941549
45.70447121306549,8524.427755826753,59.86173007516512
77.69365430256143,7169.390358070018,57.52510484869959
47.39564294642916,10795.873493761139,56.337465207492095
52.913447384372084,7864.092001572234,50.22153611436716
51.264204906572175,7834.05882441357,20.02603180107014
49.505981741984044,4905.495963850766,34.94119402084222
25.75977727118467,4968.244958301301,49.469732909767906
16.67417202919757,6588.505181281502,59.37850486604175
45.137659846269045,7986.145677014584,42.046666526045115
42.775179506696304,1925.9970486473076,27.696106913684012
71.5224321516286,7691.023976288787,44.4781203012402
28.442301867996147,6300.067055480549,21.402736106719527
40.72891813806028,7840.350109933416,58.44524112059433
30.452331375854477,5596.0528176039315,62.32940626213578
22.917559773352508,8591.619491881165,57.71157810528305
22.774377747953228,8451.30742176129,37.948734145530146
27.166459778130317,6161.852634813315,46.79833829735006
51.428024641498084,5898.818646659538,12.402743430199433
52.61520579463217,7009.976614806412,29.894512721864093
73.2793013023411,4681.04745729499,62.804194880539754
48.53536307220192,7445.852376661585,62.00161572935922
64.15466771757163,7764.8192835041955,37.41036034786371
55.97720335787084,12286.770024276882,38.30583266307539
36.611938569573944,6756.784884449569,56.45550691473297
58.554292531672104,9381.769021310727,29.94557995373222
49.41658843685914,4708.829991658473,29.443483187990434
61.79049506729196,5236.7277427085955,39.37381749799088
47.08278940506155,8899.39115051157,33.64543296719317
46.12071695130567,6446.850534592862,62.653188630601065
39.99501952118478,4279.842517864812,40.92822017102293
65.17496507990403,9954.073607277547,63.61435029476713
38.842334461776005,6440.564612088071,27.049751288580435
38.15977965725783,9943.125080307671,21.712078567031792
59.45522883469508,8519.959106343245,30.716645357307897
53.879790081307654,7556.2821700494715,27.462907647633436
38.45003617809428,7899.3927251550585,41.13738111321344
55.24314970981786,9547.627543880997,16.402679393261142
70.54482094886748,6333.256904315758,51.329539048489515
53.02879777946222,8867.682568318876,48.22796773674637
28.92397969598349,10490.762298185742,45.33836385534583
47.09470658751823,8877.82434974277,61.08686437382438
39.16554372325796,4247.024179757205,40.527256644317745
46.70411813272425,7186.282901288103,52.08731389959247
67.05351052689775,12679.928147176306,26.182421699217116
31.834325476662848,8186.430604421467,64.28978321439834
76.52560609184185,5925.6733581984745,58.333445583607265
36.360181927716724,6444.315737719673,51.682146632122446
46.457621000554255,8610.336392451954,50.44731744425577
42.869047046324404,8117.076428547557,45.13686366249067
67.57295469372643,8844.33889772773,36.95926637922932
18.37066122905677,6421.228432701886,61.88716356346411
37.9749006024984,4801.469778774851,49.55579607749095
50.04396198898647,8059.926184660545,41.290839660360284
28.061664185318516,7732.751142756865,47.053631084068414
48.60274825531406,1476.0572273956377,31.11721309531048
34.89311819266733,8646.415333090663,29.78645656942402
33.46744066978855,8671.995566951548,24.20615527633469
54.2330192461606,11210.921383186782,59.933196510540974
35.67169738051388,6516.832612096426,60.429686922200105
17.990540571043397,9343.525508493838,13.89156104604282
32.24838163004689,6810.334832275517,56.02329597151093
60.82174923576585,9620.302251534149,39.705070470237565
32.09180592990428,5522.350632693731,50.08336056790033
47.894982830647386,8813.107382285307,46.76577520438297
37.830206967066474,7913.97058278553,52.40069912793175
43.28534724425012,9282.530615243804,43.340507602351785
35.5681897934438,4849.880070321862,28.009732703863364
39.17291250573966,12892.041708446934,38.82373130754435
54.09122951506691,7994.210027231298,35.25653335039673
48.929166256630424,8943.59454149037,45.748059810061875
34.59320791367392,10635.952577265807,20.54970512138266
51.06470622769693,5973.064467433305,56.898877487445986
61.636189347310335,9744.78605221189,31.147269151190777
29.663496018571248,9170.047458986652,21.047698880931012
19.614980424411087,6902.756030497055,28.762261822657486
51.25964389558671,6125.143471357329,46.696267732548414
13.301099508438208,12520.10830455337,51.14785823350867
20.001121082697665,8661.664149890368,17.4838250919205
30.099711541826657,8251.79442270258,38.91379547452397
45.5776305536403,9717.355519298952,48.720671303834116
55.41079416981168,8098.219989048288,28.574064756864722
47.56196164223205,8291.864710581442,56.77213386556387
52.543893005148135,8585.801513289629,53.82473092096006
11.306524361768457,4977.829821110384,24.479097197199017
41.916343575633704,8225.498681197852,48.60772629764224
66.16630552688859,6338.554685125969,41.315820000702985
69.03886769933,11253.80394873181,27.62228159865591
36.18157661428652,6045.087667026899,38.83554556559268
32.70132960040754,8122.052633372544,54.111013442748046
57.16352764532262,8458.619990534151,59.32685073398238
24.87801795439729,7179.116379697197,21.74231496422276
22.518208346198122,8523.378080304365,55.45092427528448
40.800220563875286,7449.0513446178775,51.63523649065905
60.48080767951103,9551.796203772039,24.10414810290613
50.006112295712484,6331.437551342116,22.88217738985748
51.26867693056762,9241.612973695354,37.23417057425423
27.34070313521455,6427.330968982438,62.24468562037212
55.84628447364984,10844.572091311113,45.106503119334675
49.89044484966054,11026.85498051605,34.97411132118486
28.795121604992957,11733.562063022835,52.23142063416691
80.72755234762721,8471.610257576423,42.814420971247635
19.179979907081332,10100.378691336007,40.42116010817052
45.31458132041858,4696.017206548293,38.36335700927375
26.779243582958646,7749.615526067607,33.98017475147371
33.447516977693084,4858.205689703691,57.80330892483989
44.417223578912996,7814.174648397287,56.546618964911644
23.107042158071522,8005.99096307165,38.158591401216
62.96223158610405,5616.0616961945825,40.35680921657986
49.060743987601825,9493.268076915632,18.629742097065826
36.440733192586166,8332.668377834641,33.85736770902388
16.819864090831736,8132.379000603492,47.310391715088066
57.845395333004944,9485.227742457317,48.7188559051626
61.71579170163711,4027.8984161164817,21.51869245624191
27.842010876244,7607.194785288863,26.437663457008533
60.0981032315388,6528.586266266526,60.88778566557671
49.7242594098137,11348.814412747457,36.38830073726161
38.25506678850151,5331.844118418481,63.361738874915446
46.19899408849029,7900.55985252265,31.00166955918925
15.25735855672262,6990.006354946399,42.94877363899072
45.28898523177137,7051.847687393438,31.196561193164158
25.099286606007983,7296.672443190978,26.181511561949826
30.72165753913816,7906.809652789326,66.8569187681365
35.352838523580516,9305.839753088972,21.164591883432774
49.65932992894221,9255.437442407741,18.57164456965758
77.2858671250152,5896.443732292733,45.34195360500229
43.36285875219095,9024.136797073741,44.420897393703655
47.54858781929685,11381.148737769883,25.863552144680163
63.97353201774817,4694.627688063237,48.95926538086039
19.198177142630847,8067.860667986821,47.5365210755043
34.6054374959903,9667.281493541606,39.26440121146699
35.70229919849852,10227.361882264171,47.64336299428698
23.472271936170372,9689.161342834075,59.277879062095415
38.68441258386511,9393.551066901968,39.53207400714301
37.54352463839589,4737.931504155189,63.30704900525582
13.623459465834387,7643.914671348459,38.75084484473293
25.90771279209485,8041.014673349296,26.36802454315372
48.60689697842885,9522.672821960317,30.358574294640075
27.319733473851308,6944.810014793789,50.69951314275997
40.88048687907868,2795.6800534069334,34.689214121980896
62.96129000153579,5155.718195994623,29.257937376822685
32.40731552753409,5720.503406717171,40.00378170705781
34.78976065754294,5777.116988057049,61.10145137850052
58.716162162754095,7090.979282122532,41.45377815039254
46.48400273064424,9319.68022576747,59.23082316907663
31.701138657324933,8408.638796165309,60.03729893517475
33.3474805240781,10504.757572133949,18.777450971481425
43.211096667020136,7782.689436397047,26.261588974843825
48.44950245499955,6841.355538574929,16.72179771965729
57.09226549292278,8792.511712184012,45.49237802044901
43.56404223216606,10228.491358864674,64.05123340982283
49.77590068893028,9138.525335298009,29.01717725708216
48.39527327236841,8996.460821295286,31.21154023865179
36.000588246001534,7146.87928503973,21.45559698661256
13.808327055737834,11531.762856912443,32.837386337965995
23.868464555680085,4445.093150648523,51.50155365252239
62.72924452134385,7609.772525576197,35.568431990179185
50.80396071113989,8592.958929016191,45.17074222451646
37.883235586345165,6205.45897021008,56.628686470591546
63.894650023677045,4345.4303344290565,36.78622918183908
54.20547274523805,8760.589445103144,22.03770416246377
45.32343361553386,5907.172675849274,39.73742504013829
41.24659465608213,11301.079174260492,51.982497982002975
42.807309438154654,8950.704958642482,40.220756496442974
58.74479297633739,8187.281275737966,50.934817688296356
48.096596749914184,8717.641363325783,15.672740658417524
36.065420229918956,8310.25240069938,31.60139328136871
23.202506991599282,5623.155688381707,59.21428328995616
65.42861235207513,6941.958407800383,58.50731710779592
37.96799418382907,9211.362837684788,48.399240327450855
36.94238478236383,5755.100520031345,25.169195610280514
48.07789372161393,7112.214934553289,17.156499939723915
74.18242904178221,7497.88307271226,37.53783448877472
43.495950621797476,5355.381202166733,33.059562756816334
26.42618829958051,7824.596775233476,30.006051449614663
55.460691621396236,7595.213743703514,65.04970083529567
39.43889377119066,7073.2111924132205,39.689383755928674
60.00037688117627,11666.230259366494,51.57934872380011
36.482419213220204,9338.888127723909,43.40706688296126
46.797567740959835,8733.964235791782,31.855815625118765
31.71676228911591,7957.689837308117,17.732513668822712
65.04047397933778,11306.925731345455,25.867797303976715
43.4152077160788,10423.172641931216,66.89571786575205
48.99096724957069,10359.302721624876,44.232150096734884
37.81953194401933,4767.467416878315,59.36741857078801
58.790268879620285,6495.489887853273,38.86731547855847
29.77114908020639,9193.525375538324,58.1556762109835
40.64214916313589,8843.418071973258,59.70333037099487
35.99388787352835,8185.046941868816,14.501947676160338
30.089139843925068,11313.672404394707,40.425910699251695
43.0524942062961,8949.589914505937,35.5758780078176
25.856314070402668,10219.832946805882,17.095678565525663
38.231308431183116,11418.282296499769,36.105951574157764
55.02932012019004,4530.454703203029,64.1020349154506
59.67031205819992,6750.812988835107,40.04846109601854
53.46620303454638,5194.061886928046,20.10133347325055
53.81190737101498,9136.093615336464,63.39772125202244
58.49000879330487,11809.77717875102,19.90266829700074
43.86616016374105,8239.451989007712,18.71337198614196
57.681566175065754,10962.37114691046,35.09354200667259
49.17608382127898,5912.822576256558,60.09398858899505
58.723314979688,5141.058718703988,47.73122532533432
55.10976012399887,7786.459404430163,59.61554583389237
24.15491285102755,5033.453436065246,20.582004308953405
28.311975405967413,6523.438325851934,62.991398352120186
27.76262174952952,4995.5784904709,48.91855683172543
40.818164076108324,12684.86232313454,47.221633124450726
30.959389595922545,9206.071263130894,33.23807281102476
20.448553146505652,8458.10407444609,19.22936888960458
32.13283117106952,4489.779330588711,67.72745212755675
40.128389476836865,8785.77265815218,57.703578452688284
48.99608928713858,4286.715161199883,32.058183619363234
39.34080966968514,7079.570767778897,58.774593557203794
39.8842928604551,11207.990433534853,32.49775667281674
38.75195586588833,7898.415858902183,50.96601537383419
39.467463417581726,11127.466908049972,50.64994565274319
45.185517060055155,9647.535049916896,47.29998630617549
40.58361239880183,4848.969803832291,41.15583268244403
34.7691443152256,7608.129221477099,29.81559163240987
24.77900133947409,7891.841459931681,11.831253178663317
28.694542054536328,8125.468638706808,14.180160251230333
32.55278891315998,11187.13390635701,39.177349548332806
30.087362924317674,8959.580538254724,53.333591764768606
22.426288687286103,8334.06644935452,31.100434184299058
56.89820239772807,8491.10834328406,43.90347606438545
54.9020816353966,9003.617410986732,40.28844560030518
35.813451715509785,10163.76910811848,55.78614116424108
20.54298239338264,12713.110209536819,28.585738351040867
55.454964328819926,8013.635703867348,62.82371238990534
58.95206874726186,6532.81183486911,62.04936917848731
34.052094186488254,7499.393984551167,18.191079270838838
26.972462337413493,7800.128669822192,58.38627863316016
28.2967082480759,8236.973001923267,56.36651890130833
64.91115988297696,7777.200266232898,46.12237747477447
45.408454724692405,7912.495638981883,31.31702401614437
55.76488842494877,5752.978491176129,41.510079046781414
38.4383574535708,7839.9288683856075,43.03795523973123
35.675087961838685,12174.707212202047,59.98952711182377
49.41269201804725,2619.9106333465215,24.711594867312947
61.96644201948929,6444.996884198649,58.77719426506001
40.1674886058552,10051.82021371332,36.50807098206408
53.22311376509758,4344.239969659615,23.979698609421803
53.3092594111935,7569.641779664374,19.639796791045722
31.239935644726874,8358.607196701836,30.84594816013528
68.25790756623002,8690.4667262321,30.577375384081886
43.569820939850636,6821.447057592797,34.28798632607014
17.75695794634921,7255.536935796393,47.11601607741617
29.440731672574813,4156.369855449977,46.67347918967686
25.459074484765566,6207.488053795828,63.133594711014744
47.01959821047819,8265.484108717344,60.67649520091771
36.2266884134647,5457.625244905135,22.151252389174797
37.38910837004778,7482.224890394551,23.424465325930836
16.69901164075078,10629.947222704917,42.55899604373324
27.370999687859754,12428.647749795564,40.423837392015294
44.09390554953197,10455.777559607064,60.54797493364832
55.31719321928271,10213.062521580696,27.760128814951827
28.228462522072668,7793.969320793061,36.64014093744085
52.22569946155999,11289.271971886415,18.099211549614367
58.19693050986321,4503.849058574979,63.146235233691456
40.84013708098486,3498.397246896632,30.98860103867187
32.21668256894118,11261.734170251308,41.73530659714878
32.647224934590234,4733.547716010437,29.693500753594677
26.514857630696415,7968.368987030387,63.660361414102404
33.233005947827685,8566.158074523728,47.82813513056196
45.807526549988445,6999.2042917586405,27.902463680260606
35.450470421423255,8974.644092195047,46.39798313716282
31.849629522279166,9732.98418678161,59.9671430831499
70.44868843974531,9166.483861441235,60.4636421898027
36.12498492256809,9951.752779623112,20.192593763982718
44.12272960666425,7799.3741201537905,56.6888901045148
51.48081288320148,5996.496138910434,42.979369919530335
25.85358681778085,7901.268955812749,38.47025943649424
52.66946983426235,10776.73033149542,60.760953478150455
45.148925234491,4876.002386859377,28.42294341688133
51.306860899149946,9169.074549619101,22.345787986669116
61.263627895085705,5925.741120499269,56.52938979165652
73.75088247034749,6801.190040493699,47.511458581295024
32.63239747196054,9460.614801936943,13.879596800184114
25.551720123571503,8033.805515720154,43.44087511996268
71.6866945909238,7334.449641011369,36.10437601313214
62.66588167540508,6914.464311488991,24.91321253579853
44.756084636363525,8732.843005701645,29.356807147270178
51.4091515674072,8547.168294222409,29.79840805271799
56.31189414250432,10881.665394325697,62.15423398675217
24.854352166784317,4774.9538581569195,34.75472576293905
65.19289927245686,9691.006849667574,45.62405952154871
58.12494355127416,9744.908135838528,33.77859903724364
59.398471793057645,8751.34477783447,63.03853509486416
46.67769008060789,6972.869873064355,40.99214037276027
43.62467285745794,6851.666830245051,51.32800225694637
29.988085481025827,10207.926987075578,17.3092141862598
22.259005367430092,13252.970983755358,34.71273533578052
73.69202979898239,9136.759506089584,54.0148593538071
45.290199874219766,11470.588363913988,17.14863760162584
46.09613858094644,6900.242855182651,49.06260435683945
23.31878062460923,8789.36365261921,35.0011382535872
25.31512983554535,6097.852024609494,39.451897235610645
30.49836992121903,7378.574051163324,58.86515690718943
-1.7200040127002119,8459.59670072421,51.909619256571844
45.70476778009508,7477.097915483159,40.13938813715629
57.60878426421033,8884.854567272008,29.421277151833507
62.696407609608684,7372.159873334747,23.713598812833325
15.972431186074875,6998.461644412731,47.61630067203381
52.77488114015866,10204.512991081012,16.263697266503453
60.455922658361466,7827.281368848069,59.02835974126571
57.89841185969252,12021.5503021152,56.77170109355718
42.448603485664485,5876.0031348839,20.7203489718915
34.918511535600814,4200.199819940131,28.215750374691645
15.498310379167128,8340.639601572686,38.483041160424214
55.890883628690766,12307.815935609753,38.29581968484377
28.0615311056958,10385.551226314616,38.682859791651175
44.317910955967136,11265.02152731493,32.60151438417105
68.7231812657844,5598.108561744275,61.78091284912787
73.38386976027866,14310.313640306613,58.55537665594217
71.47880140786576,2933.4573932163153,17.268904694620126
52.37781066101313,5836.902065768999,37.76251114971523
34.2519248363916,8254.424522684249,39.181048411592684
30.898610319837736,7985.438465137206,54.636764024502526
49.997140347385965,7005.956400345883,63.05996852373249
54.53184085034324,4606.727411482912,25.998891422464713
15.13203237287431,9396.80639563518,48.02041520252327
25.528399209199673,8816.799348405571,60.932147680764196
53.76053690302379,7686.82373869078,47.96177182706944
37.76870365278306,11897.301846456627,46.431267248408425
48.98709079198163,7702.777050594188,20.13573032342456
26.303674993074992,8219.468623936931,27.455236734661863
69.90249419610706,8433.331671040267,52.5229176512283
39.245816222854266,4516.27991045224,60.880588076372064
42.464533899199,7126.172483914151,35.34193759524353
24.869378522611306,11231.107785957587,56.07052831703054
49.65118112695568,7324.18139987227,31.172451198853835
36.291843693521685,10145.633172480935,18.307522119502103
31.9609439036657,10304.09337896489,49.18280144455195
23.214974083135736,11488.205329513985,62.56639435073034
43.738596283335106,8517.570841251267,19.427558683327973
61.05281516258093,8202.157056974796,53.07590477759477
39.252272423966104,5258.522897374557,32.57637128520422
22.2989623507072,8026.921132769669,39.832037557793974
59.97076502765801,10429.388162514419,31.80635188876116
29.294424650515488,5459.133835499086,46.94972677582506
24.7771557960387,11027.060694473486,30.526270539744203
41.45244069292916,5599.2568652958,31.012984127981703
36.06259401532948,7897.577467743936,16.225736084772453
36.79689926731042,10065.27365474924,35.21947767064781
33.47247087275837,4175.172018446436,35.57591213819661
59.297565663522235,9866.732097474061,22.101645200959368
28.51300983005745,5257.770033557823,51.691662729169074
38.45381440166648,7199.890288798193,48.10776259248196
42.0177757001921,10772.20941212802,20.521146694433764
14.830734345277476,10273.621818428932,33.52828331802404
46.63204316467771,7539.487197536241,44.01842983534614
38.05352320410039,5684.7116703670445,38.81186755806564
29.67743763417435,8794.864777625515,30.3555926068427
47.39777812175412,6105.284690090056,60.51788182871075
36.79889389546388,12065.53515518294,17.40051584386405
62.70434306319147,6369.987064104268,26.16109468527552
59.10801036946121,9502.696491073664,54.12172118666132
63.0996178361366,6998.621123247943,62.53674107068653
51.039744961657185,7830.596686450721,17.945118048612773
16.78056657496976,11496.55690000095,28.885711188184615
40.99179317582187,8530.973033237402,23.36470669263661
48.868235536626564,8059.179212031993,62.1116487933535
22.979786946987588,7933.591721615315,36.8852338005853
55.08188728862486,9319.536516370568,53.60634785173933
56.159968638551334,5805.242840229693,60.63082438699927
25.358326628239347,6701.98297079421,51.90918475160077
24.736535968982892,7779.953528838553,23.82464344207924
61.90970013314429,11787.767732936423,57.368269481059976
33.171106108981135,7983.3380621593915,30.923844831196938
64.25283554165202,6805.6251081778155,32.48212773644901
25.68978098726569,13216.645104985226,49.01012558394986
43.4075674927433,7570.886486905631,55.580719797181004
46.04971627389555,6661.705840123842,57.786453007352996
62.74044477269637,8969.045807455825,30.6666243774373
36.36021063500653,4543.721199684218,59.46819850614773
68.8415151202141,11852.845869443836,52.0418776657667
28.633982205907024,8151.549756690158,32.391804350231865
43.740235935232306,8406.46992325547,20.86240045473389
23.89616361830896,10701.533280077218,43.77339696109689
62.623356354723676,7546.16000920543,47.22482112980752
43.504200876302946,7828.178937745719,58.99240863916659
52.433085848238264,6515.957302227207,27.714731092055217
66.86819826102094,8237.330834874461,51.179856858856596
22.623110012807942,7430.829358249977,18.576926116416658
46.47458005004778,5748.02790845865,41.48151620503383
45.5229906459054,7779.94332784536,29.35986229640214
44.11633375186613,6964.191807690611,56.23509062202805
49.72205428985098,10847.726186282835,32.622366899681126
48.24783680531789,7182.870416728914,31.983093187229336
56.720397274509054,8691.662463181065,18.539233946088366
69.2719911357575,10835.930478737791,62.500647627820854
29.605233937993614,5319.910631874606,38.21038127211002
17.38004118132894,4239.418355743489,47.44337206815136
32.3147795669642,7134.544081952003,24.774991073090227
54.92757095430928,5932.773385675924,20.68229200671368
37.046909385634564,6457.140422767277,39.31956143613133
47.285940523027264,11970.36704894303,25.03527806716435
56.539980762562074,6228.603013938425,41.944516011927625
58.96972706210775,8320.557032615661,63.63005050898466
57.879513606149686,11092.89070683764,26.810560711967725
35.95453360699575,8399.86872365236,26.87249763274644
46.66941478040075,9570.2900353856,20.308881033640457
10.413102629121699,8210.044072198853,51.13218781838248
63.34889292822422,8949.298671226796,20.543531678943765
67.88045218968858,9922.861897464958,56.2088851644323
31.466752931871625,7598.557381326109,26.0496609120301
62.500837638550095,6720.8678800807465,22.564198665248078
61.417864649155206,9387.260925294242,59.26820461634831
27.24675629638163,11496.817486931985,34.599853662834256
22.09845581977658,9485.446580657557,59.56909279836145
39.252848657202094,4845.490618556407,39.75958709660538
34.71216183467492,7286.18833721217,42.564831389367455
30.05620297681669,6651.229962207499,46.3247604965517
51.2073968531982,5941.676491527455,38.31525109970464
55.16604986487408,7321.1681468959205,18.070406431929275
88.97499237683925,8249.663213147576,48.19627674318286
63.280871924949,8354.651330533132,40.32298586144141
31.66252462425318,9318.37575851873,28.47830614126417
71.08591449132095,6373.881052403558,42.15275141837962
58.12689016292877,6611.770520856022,25.705398818878493
34.5746773291704,10446.368654621549,67.01379162623024
42.13792792431456,8531.23599944627,39.02800686996521
15.542411264781567,8869.428174064189,59.863298349940216
51.426216206175155,8032.546943311436,55.79446349919358
31.72573064185209,6720.69258422489,15.966548052446218
51.88376600985371,6769.34429097223,37.55168599800336
58.69187938206995,4122.099932681462,47.56117060913581
20.275403317812486,6939.15459624778,42.67441083234042
31.68872840019558,7766.931634034649,40.30115782095174
29.612554347757758,5175.212037396172,35.84957828794511
48.27974609272947,7341.6271446613,49.394722555717955
38.901451526949415,6560.190122400527,67.0607742204553
34.81765349749712,8836.605716208962,34.5904776245217
61.08149033969827,9296.027388460132,22.541487145952594
45.111592130512584,11575.304302149052,56.53570272710344
55.816339882872036,9228.510291966839,48.8194944426207
17.207814994874823,9098.313772942216,61.24793290389181
46.72687493117055,9959.405308482643,63.97957547004344
55.8699800519438,9437.531542879551,19.668563521323097
38.08814535170515,6263.830230797041,28.285607971223364
63.38603427694855,8556.13282195054,58.669245849720625
17.201503164310207,7434.777092474185,48.569239223225175
39.380291050664496,9842.945508135912,41.45847164345257
34.55260464074502,4906.267675829303,36.867946710375904
19.43654281312883,4268.543073021372,55.51759270781455
40.10281412679175,10831.136909033372,41.829013234355
55.84403490093366,11278.330218325678,52.85267562996272
50.28402171127442,3960.581961613161,48.57501133967354
16.732778955711034,8964.609629859424,44.792371111706885
59.38432764483938,6519.082382207476,17.67151783980497
45.34073271177168,8388.730221777658,19.804180973199756
42.03193455111171,11043.386881522212,49.326331460244155
58.35425830470038,4998.187912396602,40.97056641332952
52.06082469023488,6873.685998747728,50.579213375412465
45.4079364299585,7364.911569994429,56.59958865833461
59.40201384212105,11620.34594706495,49.667357125658235
64.49214460632822,8802.274686545128,68.296377948939
43.43065409300109,10629.789406007152,38.92638285074258
50.38949259066568,6880.517479177797,44.48339273318517
26.020897069400895,2880.76659900941,55.79671795311169
44.72976357768772,3806.949168739466,40.85090089416934
43.390485383018,9122.51894791099,63.212927902081205
30.936819954219036,5615.99520539617,46.8488909071631
27.65190804689532,7062.995844220575,40.95825151436644
32.553496226050854,11835.464023239176,61.91903694114199
62.08579286654101,8909.545773885431,36.78433189663315
20.18365101214454,9215.858943056659,47.08350940140834
50.4937010914891,4362.929562707996,56.962203847785034
28.795151382471897,6203.362904920781,42.240549972652474
38.261918081548565,11635.202179611337,45.092545093842574
31.961760086467706,6704.4248774022935,43.65387133577844
68.56894613093723,8048.659345732385,35.465129718701235
49.272012597532,5865.657869042483,29.741307734198664
62.98709636039082,7798.805975331502,64.99394641078992
66.38371958947184,7671.292016428642,36.51808764111414
44.208666167394064,7833.263802547519,50.05135257884927
29.140832763665934,5810.918443630282,60.05280156026609
37.671807682837596,8362.398111486325,37.654289191415074
35.52249506937199,7622.881947572333,28.809655720092795
66.91672273639844,5618.672415593253,46.190537723781986
50.5766850996436,7718.486502205167,51.0592872934486
22.014302537409673,4151.9968106337365,54.601962350055715
54.99128683643576,9361.870494599421,29.66756571133258
